id,city,age,service,employstatus,q1a,q1im,q2a,q2im,q3a,q3im,q4a,q4im,q5a,q5im,q6a,q6im,q7a,q7im,q8a,q8im,q9a,q9im,q10a,q10im,recommend,totsatis,servicegp3,logservice,agerecode
454,8,4,8,1,3,4,4,5,2,5,1,5,1,5,1,5,1,4,2,5,1,5,1,5,0,17,3,.903089986991944,3
431,8,4,4,1,5,4,3,4,2,1,2,2,4,3,5,4,4,2,5,5,2,2,4,4,1,36,2,.602059991327962,3
432,8,2,.5,2,5,5,5,5,5,5,4,4,5,5,5,5,4,5,5,5,5,5,5,5,1,48,1,-.301029995663981,1
433,8,4,.5,2,3,5,3,4,2,3,3,4,2,4,2,4,1,4,4,4,4,4,3,4,1,27,1,-.301029995663981,3
434,8, , ,2,4,5,5,5,3,4,3,3,3,4,4,5,3,4,5,5,5,5,4,4,1,39, , , 
435,8,2,1,1,4,5,3,5,2,5,4,5,5,5,4,5,4,5,4,5,3,5,3,5,1,36,1,0,1
436,8,5, ,2,3,5,3,4,3,3,1,3,1,1,3,3,1,2,3,4,1,1,3,3,0,22, , ,4
437,8,4,1,2,4,4,4,5,1,5,4,5,5,5,4,5,3,5,5,5,5,5,5,5,1,40,1,0,3
442,8,5,4,2,5,5,5,5,3,5,5,3,5,5,5,4,5,5,5,5,5,5,5,5,1,48,2,.602059991327962,4
445,8,4,11,1,5,4,4,4,5,4,4,5,5,5,4,4,4,3,4,5,5,5,5,5,1,45,3,1.04139268515823,3
446,8,5, ,2,4,4,4,4, ,4,3,3,3,3,4,3,5,4,5,5,3,3,4,4,1, , , ,4
447,8,4,4,1,3,4,3,4,4,4,4,5,4,5,5,5,4,4,5,5,3,4,4,4,1,39,2,.602059991327962,3
448,8,5, ,1,4,4,4,5,5,5,3,5,1,5,2,5,2,5,5,5,3,3, , ,0, , , ,4
450,8,5,1.5,1,5,4,5,5,3,3,4,3,4,4,3,3,4,4,5,4,2,3,5,5,1,40,1,.176091259055681,4
451,8,4, ,2,4,4,4,4,3,3,4,4,4,4,4,3,4,4,4,4,3,3,4,4,1,38, , ,3
452,8, ,1,2,5,5,5,5,5,5,5,5,5,5,5,5,5,5,5,5,5,5,5,5,1,50,1,0, 
456,8,2,2,2,5,5,5,5,3,3,3,4,4,4,3,3,3,3,5,5,2,4,4,4,1,37,1,.301029995663981,1
458,8, ,1,1,4,2,3,5,4,5,3,1,4,1,3,2,3,5,4,4,4,1,4,4,1,36,1,0, 
459,8,5,5,1,5,5,4,5,2,3,5,5,3,4,3,5,3,3,4,5,1,4,4,4,1,34,2,.698970004336019,4
460,8, ,3,1,4,5,3,5,4,5,2,4,2,5,3,4,3,3,5,5,1,4,3,5,1,30,2,.477121254719662, 
461,8, ,4,1,5,4,2,5,4,3,1,5,2,5,2,5,3,5,4,5,1,5,1,5,0,25,2,.602059991327962, 
462,8,4,5,1,3,5,2,5,4,3,1,5,2,5,3,4,2,5,5,5,1,5,2,5,0,25,2,.698970004336019,3
463,8,2,2.5,1,5,5,3,5,4,5,4,5,5,5,4,5,3,2, ,5,2,5,2,5,1, ,2,.397940008672038,1
464,8,4,3,1,5,5,5,4,4,4,3,4,4,4,4,4,4,4,4,4,3,3,4,4,1,40,2,.477121254719662,3
465,8, ,5,1,5,3,4,3,4,3,1,3,1,4,1,4,3,3,4,4,3,1,3,5,1,29,2,.698970004336019, 
466,8,3,5,1,5,4,3,4,5,1,4,3,4,3,2,5,2,5,5,4,4,3,3,3,1,37,2,.698970004336019,2
467,8,3,1,1,3,3,4,4,3,3,1,4,2,4,2,5,2,3,4,5,1,3,4,5,1,26,1,0,2
468,8,3,.25,2,4,5,4,5,3,4,4,4,4,4,4,3,4,5,5,5,4,4, , ,1, ,1,-.602059991327962,2
469,8, ,4,1,5,5,2,5,3,4,2,5,4,5,3,5,1,5,4,5,3,4,2,5,0,29,2,.602059991327962, 
470,8,5,3,1,4,4,2,5,2,5,1,5,1,5,1,5,2,5,2,3,1,5,3,5,0,19,2,.477121254719662,4
471,8, ,11,1,4,4,3,5,3,4,5,4,4,5,3, ,2,3,3,4,4,4,3,4,1,34,3,1.04139268515823, 
472,8, ,4,1,4,4,4,4,4,3,3,4,3,3,4,4,3,3,4,4,3,3,3,3,1,35,2,.602059991327962, 
473,8, ,.5,2,5,4,4,4,3,2,2,2,3,3,3,4,4,5, , ,1,5,4,3,1, ,1,-.301029995663981, 
474,8, ,3,1,5,5,4,5,2,4,1,5,2,5,2,5,2,3,5,5,1,4,2,5,1,26,2,.477121254719662, 
475,8, ,9,1,5,5,3,5,3,4,3,3,3,4,3,3,3,3,4,5,3,3,3,4,1,33,3,.954242509439325, 
476,8, ,13,1,5,5,4,5,3,5,3,5,5,5,4,5,3,5,3,5,5,5,4,5,1,39,3,1.11394335230684, 
478,8,3,4,1,5,5,4,5,4,4,5,5,4,4,5,5,5,5,4,5,5,5,5,5,1,46,2,.602059991327962,2
479,8,4, ,1,4,4,4,4,4,4,2,3,4,4,3,3,3,4,3,4,2,3,4,4,1,33, , ,3
480,8, , ,2,3,4,3,4,4,4,2,4,3,4,3,4,3,4,4,4,1,4,4,4,1,30, , , 
481,8,4,1.5,1,4,4,2,5,3,4,4,5,3,4,3,4,3,3,4,4,3,4,4,4,1,33,1,.176091259055681,3
482,8,4,14,1,5,5,3,5,4,4,3,3,4,4,5,4,3,4,4,5,3,3,4,5,1,38,3,1.14612803567824,3
483,8,3,6,1,5,5,5,5,4,5,4,5,4,5,4,5,3,5,5,5,2,5,4,5,1,40,3,.778151250383644,2
484,8, , ,2,4,4,4,5,2,3,1,5,2,3,1,5,2,5,5,5,3,3,3,4,0,27, , , 
485,8, ,3,1,4,5,4,5,3,4,4,3,4,3,4,4,3,3,3,4,3,3,4,4,1,36,2,.477121254719662, 
486,8,5,1,2,4,2,5,2,3,3,3,3,4,3,4,3,3,2,4,4,3,3,4,3,1,37,1,0,4
487,8,3,2,1,5,5,4,5,5,5,5,5,5,5,5,5,5,5,5,5,5,5,5,5,1,49,1,.301029995663981,2
488,8,4,2,1,4,5,3,4,3,4,4,5,3,5,4,5,3,5,4,4,4,4,2,5,1,34,1,.301029995663981,3
489,8,4,5,1,3,5,2,5,4,2,1,5,1,5,3,4,2,5,4,5,1,5,4,5,1,25,2,.698970004336019,3
490,8, ,4,1,4,5,3,5,3,3,1,5,3,2,3,3,3,4,5,5,1,4,4,4,1,30,2,.602059991327962, 
491,8,5,3,1,4,4,4,4,3,3,4,4,4,4,5,4,4,5,4,4,3,3,4,4,1,39,2,.477121254719662,4
492,8,4,7,1,5,5,4,5,4,5,3,4,4,5,3,4,3,4,3,4,3,4,3,4,1,35,3,.845098040014257,3
494,8, ,1,2,5,5,5,5,4,5,5,5,5,5,5,5,5,5,5,5,4,5,5,5,1,48,1,0, 
495,8, ,2,1,3,5,5,5,5,1,3,1,3,1,1,5,1,1,3,4,2,1,5,5,1,31,1,.301029995663981, 
496,8,3,7,1,5,5,3,4,5,5,3,4,4,4,4,5,4,5,4,5,3,3,5,5,1,40,3,.845098040014257,2
497,8,3,5,1,2,5,1,5,2,5,2,3,2,3,1,5,1,5,5,5,2,3,4,4,0,22,2,.698970004336019,2
499,8,4,4,1,4,5,3,5,3,2,2,5,1,5,2,5,3,3,4,5,4,5,2,5,1,28,2,.602059991327962,3
500,8,4,9,1,4,5,4,5,3,5,4,4,3,4,4,4,4,5,4,5,4,4,3,5,1,37,3,.954242509439325,3
501,8,4,3,1,3,5,3,5,4,4,1,5,1,4,1,5,4,4,4,4,3,3,1,5,1,25,2,.477121254719662,3
502,8,4,3,1,5,5,4,4,4,5,5,1,5,3,4,4,4,5,5,5,4,5,5,5,1,45,2,.477121254719662,3
503,8,3,3,1,4,4,4,4,2,2,1,4,3,4,2,4,2,4,3,4,3,4,2,4,1,26,2,.477121254719662,2
504,8,4,2,2,5,5,4,5,4,3,3,4,4,3,3,3,3,3,5,5,3,3,4,3,1,38,1,.301029995663981,3
505,8,4,3,1,5,5,3,5,5,5,2,5,2,5,1,5,2,5,3,5,5,5,3,5,1,31,2,.477121254719662,3
506,8,5,1.5,2,5,5,5,5,3,3,3,4,4,3,4,4,4,4,4,4,2,3,4,4,1,38,1,.176091259055681,4
507,8,4,2.5,1,3,4,4,4,3,3,1,3,2,3,3,3,1,3,4,4,2,2,3,4,1,26,2,.397940008672038,3
508,8, ,2,1,5,5,3,5,3,4,3,4,4,4,3,4,2,4,5,5,3,4,2,4,1,33,1,.301029995663981, 
509,8,2,4,1,4,5,3,4,3,4,2,5,3,5,3,4,3,4,2,5,3,5,3,5,1,29,2,.602059991327962,1
510,8,5,2,1,5,5,4,4,5,5,3,3,5,5,4,4,4,4,5,5,4,4,4,4,1,43,1,.301029995663981,4
511,8,2,2,1,3,5,3,5,3,5,4,3,4,5,2,4,3,4,4,4,2,4,3,5,1,31,1,.301029995663981,1
512,8,3,3,1,5,5,3,5,5,5,3,5,5,5,4,5,4,4,3,5,3,5,3,5,1,38,2,.477121254719662,2
513,8, ,4,1,4,4,4,4,2,3,4,4,2,4,3,4,3,3,4,4,1,2,3,4,1,30,2,.602059991327962, 
514,8, ,7,1,4,4,3,4,2,3,1,3,3,3,1,4,3,3,4,4,1,4,3,3,0,25,3,.845098040014257, 
515,8, ,1,2,4,4,4,4,4,4,4,4,4,4,4,4,4,4,5,5,4,2,4,4,1,41,1,0, 
516,8,4,3,1,5,4,3,4,4,4,3,4,4,4,3,5,4,4,4,5,3,4,3,4,1,36,2,.477121254719662,3
517,8,5,14,1,5,2,3,5,3,1,4,4,1,3,4,4,1,3,5,5,1,5,4,5,1,31,3,1.14612803567824,4
518,8, ,1,1,4,5,4,5,3,2,1,1,1,1,2,1,2,1,2,1,1,1,2,1,1,22,1,0, 
519,8, ,8,1,5,5,3,5,4,5,2,3,3,4,3, ,2,5,5,5,2,3, ,5,1, ,3,.903089986991944, 
520,8,4,3,1,4,5,2,5,3,3,4,3,4,4,3,3,1,1,3,4,3,3,2,4,1,29,2,.477121254719662,3
521,8, ,14,1,4,4,5,5,4,2,3,4,3,3,2,3,1,4,4,4,1,4,3,3,1,30,3,1.14612803567824, 
522,8,4,.16,2,4,4,4,4,3,4,1,4,2,4,3,4,3,4,4,4,1,4,2,4,1,27,1,-.795880017344075,3
523,8,4,15,1,4,5,4,5,3,5,4,5,3,5,5,5,4,5,4,5,5,5,2,5,1,38,3,1.17609125905568,3
524,8,5,2.5,2,4,5,3,4,4,4,3,4,4,4,4,5,4,4,4,4,3,4,3,4,1,36,2,.397940008672038,4
525,8,4,5,1,4,4,4,4,4,4,3,4,3,3,4,4,3,3,4,4,3,3,3,3,1,35,2,.698970004336019,3
430,8,5,2,1,5,4,3,5,2,5,3,4,3,4,4,4,1,5,4,4,3,4,3,4,1,31,1,.301029995663981,4
438,8,2,.16,1,3,4,2,5,3,3,2,4,3,5,3,4,4,4,4,5, , , , ,1, ,1,-.795880017344075,1
439,8,3, ,1,4,4,4,4,4,4,3,3,3,3,3,3,4,4,4,4,3,3,3,3,1,35, , ,2
440,8,3,2,1,5,3,3,4,2,4,4,4,4,4,3,4,1,4,3,3,3,4,3,3,1,31,1,.301029995663981,2
441,8,5,2,1,4,4,4,4,2,5,2,4,3,3,4,4,3,4,3,4,5,5,4,4,0,34,1,.301029995663981,4
443,8,2,3,1,5,5,3,5,3,5,2,4,2,5,1,4,2,4,2,4,4,4,1,5,1,25,2,.477121254719662,1
444,8,2,33,1,4,4,4,4,2,3,3,4,4,4,2,3,4,5,4,5,2,4,5,5,1,34,3,1.51851393987789,1
449,8,4,3.5,1,4,4,4,4,4,4,4,4,4,4,4,5,5,5,4,5,5,5,3,5,1,41,2,.544068044350276,3
453,8,2,1.5,1,4,4,4,4,2,4,3,4,2,4,2,4,1,4,2,4,4,4,1,4,1,25,1,.176091259055681,1
455,8, , ,1,4,4,3,4,3,2,1,1,4,3,4,3,4,3,5,5,2,5,5,4,1,35, , , 
457,8,2,.67,2,4,4,3,4,4,4,3,4,3,4,3,4,3,3,3,4,3,4,4,5,1,33,1,-.173925197299174,1
477,8,2,.25,1,4,5,5,5,4,4,4,5,5,5,3,5,4,4,4,5,3,3,4,5,1,40,1,-.602059991327962,1
493,8,4,5,1,4,5,2,5,2,4,1,5,2,5,2,5,2,5,5,5,3,5,1,5,0,24,2,.698970004336019,3
498,8,4, ,1,5,5,4,5,3,3,4,4,4,5,3,4,4,4,4,4,5,5,3,5,1,39, , ,3
7,7, , , ,2,4,1,5,2,4,2,3,2,3,1,3,1,3,2,4,3,3,1,5,0,17, , , 
48,7, ,13,1,5,3,4,4,2,5,1,3,1,3,5,3,2,4,3,4,3,3,2,3,0,28,3,1.11394335230684, 
1,7,4,10,1,5,4,3,5,4,3,3,3,4,3,2,3,3,3,3,3,4,3,3,4,1,34,3,1,3
2,7, ,.67,2,3, ,3,4,4,3,3,3,2,3,3,3,3,3,4,4,4,3,4,3,1,33,1,-.173925197299174, 
3,7, ,4,2,5,5,3,4,3,4,1,3,1,2,3,4,2,4, ,3,1,3,1,4,1, ,2,.602059991327962, 
4,7,4,4,2,5,5,3,5,1,3,1,2,1,4,1,5,1,4,5,5,1,5,1,5,0,20,2,.602059991327962,3
5,7,5,14,2,5,5,3,5,3,4,5,5,4,5,3,4,2,4,4,5,4,5,3,4,1,36,3,1.14612803567824,4
6,7,3, ,2,1,5,1,5,1,5,1,5,1,5,1,5,1,5,5,5,1,5,1,5,0,14, , ,2
8,7, , ,2,4,4,3,5,3,3,2,4,2,4,3,4,2,4,4,4, , ,4,5,1, , , , 
10,7,2, ,2,4,5,4,5,3,4,2,5,2,5,2,4,3,4,4,5,2,4,3,4,1,29, , ,1
11,7,2, ,2,3,3,3,4,4,4,1,5,3,5,3,5,1,5,5,5,3,5,4,5,1,30, , ,1
12,7,3, ,2,3,5,2,5,2,3,1,3,1,3,1,3,1,4,3,4,1,4,2,4,0,17, , ,2
13,7,3,.25,2,4,4,3,4,3,3,3,3,3,3,4,4,4,4,4,4,2,4,4,4,1,34,1,-.602059991327962,2
14,7,4, ,2,3,4,3,5,4,4,3,4,3,4,3,4,1,5,4,4,4,4,3,4,0,31, , ,3
15,7, ,2,2,4,4,3,4,4,3,4,3,4,4,4,4,3,3,5,5,5,5,5,5,1,41,1,.301029995663981, 
16,7,2,1,2,4,4,4,4,4,4,4,4,4,4,4,4,4,4,4,4,4,4,4,4,1,40,1,0,1
17,7,4,3,2,5,5,5,5,5,5,1,3,3,4,4,3,3,4,4,5,3,4,2,4,1,35,2,.477121254719662,3
18,7,3,2,2,4,4,4,4,4,3,4,5,4,4,3,4,4,5,5,5,4,4,3,5,1,39,1,.301029995663981,2
19,7, ,1,2,5,5,3,5,3,4, ,5,3,4,4,4,4,4,3,4,4,5,2,5,1, ,1,0, 
20,7,4,1.5,2,3,5,3,5,1,3,1,4,1,5,1,4,3,5,5,5,1,4,3,4,1,22,1,.176091259055681,3
21,7,5,1.5,2,5,5,3,5,3,5,2,5,3,4,3,3,1,4,4,4,4,5,4,5,0,32,1,.176091259055681,4
22,7, ,8,1,5,5,4,5,4,5,3,5,4,5,3,5,4,5,3,5,5,5,3,5,1,38,3,.903089986991944, 
23,7,5,3,2,3,4,2,4,4,4,1,3,1,2,3,3,3,3,4,4,1,3,1,3,1,23,2,.477121254719662,4
24,7,2,1,2,5,4,4,4,5,4,1,5,1,5,3,5,3,3,4,4,2,5,4,5,1,32,1,0,1
25,7,4,1,2,5,5,3,4,3,5,2,4,2,5,4,4,3,5,4,5,3,4,3,5,1,32,1,0,3
26,7,4,6,2,3,5,2,5,2,3,1,5,1,5,1,5,2,4,5,5,1,5,1,3,0,19,3,.778151250383644,3
27,7,4,7,1,4,5,5,5,4,5,4,5,3,4,4,5,4,3,4,5,5,5,4,5,1,41,3,.845098040014257,3
28,7,5,3,2,5,5,3,5,4,4,2,4,3,4,3,4,2,2,4,5,5,5,4,5,0,35,2,.477121254719662,4
29,7,3, ,2,5,5,2,5,4,4,1,5,2,5,2,5,3,4,5,5,1,3,2,4,1,27, , ,2
30,7, ,9,1,5,5,2,5,1,5,2,5,3,2,3,4,2,5,3,5,5,5,3,5,1,29,3,.954242509439325, 
31,7,3, ,2,2,5,3,5,3,5,1,5,1,5,1,5,1,5,5,5,1,5,1,5,1,19, , ,2
32,7,2, ,2,3,3,2,5,3,2,4,4,4,4,1,5,1,5,4,5,4,4,4,5,1,30, , ,1
33,7,3,10,1,4,4,3,4,4,2,4,5,3,4,2,4,3,4,4,5,4,3,3,4,1,34,3,1,2
34,7,4,10,2,5,5,3,4,4,4,4,4,4,4,4,4,4,4,4,4,4,4,4,4,1,40,3,1,3
35,7, ,2,2,5,4,3,5,3,3,3,3,4,1,1,4,1,4,4,4,4,2,4,2,1,32,1,.301029995663981, 
36,7,3,1,1,4,4,4,4,4,3,3,4,3,4,2,4,4,4,3,4,4,4,4,4,1,35,1,0,2
41,7,3,1,1,4,5,4,5,3,5,5,5,4,5,3,5,4,3,3,4,4,5,4,5,1,38,1,0,2
42,7,5,7,1,5,5,3,5,5,5,5,5,5,5,4,5,5,5,5,5,5,5,5,5,1,47,3,.845098040014257,4
43,7, ,2,1,4,4,4,4,4,4,4,4,4,4,4,4,4,4,4,4,4,4,4,4,1,40,1,.301029995663981, 
44,7,3,1,1,5,5,4,4,3,5,3,4,3,5,3,4,2,4,2,5,3,5,3,4,0,31,1,0,2
46,7,3,1,1,4,4,3,4,4,4,4,5,4,4,4,4,3,4,4,4,4,4,4,4,1,38,1,0,2
47,7,5,1,2,4,5,2,5,4,4,5,5,4,5,4,4,4,4,4,5,5,5,4,4,1,40,1,0,4
58,7, ,6,1,5,5, , ,1,5,1,5,1,5,5,5,1,5,2,5,1,5,1,5,0, ,3,.778151250383644, 
59,7,3,5,1,4,5,2,5,3,5,3,3,4,4,4,4,3,2,3,4,5,4,4,4,1,35,2,.698970004336019,2
65,7,5,10,1,5,5,4,4,4,4,1,1,4,5,4,4,5,5,4,4,4,4,4,4,1,39,3,1,4
37,7, ,3,1,5,5,3,5,2,5,3,3,2,3,3,3,3,4,3,4,1,2,2,4,1,27,2,.477121254719662, 
40,7,2,3,1,4,5,3,5,3,5,4,5,4,5,3,5,4,5,4,5,4,5,2,5,0,35,2,.477121254719662,1
45,7,3,6,1,5,5,5,5,3,4,4,4,4,4,4,4,4,4,3,4,4,4,4,4,1,40,3,.778151250383644,2
49,7,1,1,1,4,5,3,5,2,3,1,5,3,5,3,5,2,3,4,5,5,5,5,5,0,32,1,0,1
50,7,3,2,1,5,5,4,5,4,5,3,5,3,5,2,5,2,5,2,5,3,5,1,5,1,29,1,.301029995663981,2
51,7,2,.5,2,5,5,3,5,4,4,2,5,4,5,2,5,3,4,4,4,5,5,4,5,1,36,1,-.301029995663981,1
52,7,4,3,2,4,5,3,5,4,4,3,5,3,5,4,4,3,4,4,5,4,2,3,5,1,35,2,.477121254719662,3
53,7,3,3,1,3,4,3,4,2,4,3,4,3,4,1,4,2,4,3,4,4,4,2,4,1,26,2,.477121254719662,2
54,7,2,1,1,3,4,4,4,3,3,4,4,5,5,2,2,2,2,3,3,4,4,4,4,1,34,1,0,1
55,7, ,.33,1,4,5,4,4,3,4,4,5,5,5,2,4,3,4,3,5,4,4,5,4,1,37,1,-.481486060122112, 
56,7,2,2.5,1,4,4,4,5,3,4,3,4,4,4,4,4,3,4,4,4,3,4,2,5,0,34,2,.397940008672038,1
57,7, ,1.5,1,4,4,4,4,2,4,3,5,4,4,3,5,3,5,3,4,4,5,3,5,1,33,1,.176091259055681, 
60,7,2,2,1,4,4,3,3,2,4,2,5,3,5,3,5,3,5,3,4,5,5,4,5,1,32,1,.301029995663981,1
61,7,2,2.5,1,4,4,3,5,2,5,3,4,4,4,3,4,2,4,3,4,5,4,2,3,0,31,2,.397940008672038,1
62,7,2,.33, ,4,4,4,4,3,4,3,4,3,4,3,4,3,4,4,4,4,4,4,4,1,35,1,-.481486060122112,1
64,7,3,2,2,5,5,4,5,4,4,2,4,3,4,3,4,3,4,4,5,3,4,3,4,1,34,1,.301029995663981,2
38,7, ,6,1,4,4,3,4,2,3,2,4,3,4,3,3,4,3,4,3,2,4,1,4,1,28,3,.778151250383644, 
39,7,3,3.5,1,4,5,3,5,3,5,3,5, ,4, ,4,3,4,4,5,4,4,2,5,1, ,2,.544068044350276,2
63,7,3,.42,1,4,4,3,4,4,3,5,4,5,4,4,4,3,4,4,5,5,5,4,4,1,41,1,-.3767507096021,2
374,6,3,1.5,1,5,4,4,4,4,3,4,4,4,4,4,4,4,4,4,4,4,4,4,4,1,41,1,.176091259055681,2
376,6,5,.08,1,4,5,4,5,4,4, , ,4,5,4,4,3,4,4,4, , , , ,1, ,1,-1.09691001300806,4
377,6,5,.08,1,3,4,3,4,4,3,4,4,4,4,4,4,4,4,4,4,2,3, , ,1, ,1,-1.09691001300806,4
380,6,3,.75,1,5,4,3,4,4,2,2,4,3,3,2,3,2,2,4,4,4,3,3,4,0,32,1,-.1249387366083,2
381,6, ,1,1,4,3,4,4,4,3,3,2,3,3,4,4,3,3,4,4,4,3,3,3,1,36,1,0, 
383,6,3,13,2,4,5,4,5,4,4,3,5,3,4,3,4,4,4,4,5,3,5,4,5,1,36,3,1.11394335230684,2
384,6,3, ,1,4,4,3,4,3,4,1,4,1,4,4,4,3,4,4,4,1,4,3,4,1,27, , ,2
388,6, ,1,1,5,5,4,5,5,5,4,4,5,5,4,4,3,4,5,5,4,5,4,5,1,43,1,0, 
390,6,3,.08,1,5,5, , , , ,4,1,5,3,5,1,5,5,4,4,5,5,5,5,1, ,1,-1.09691001300806,2
391,6,5,1,1,4,5,4,5,4,5,4,5,3,5,4,5,5,5,4,5,5,5,3,5,1,40,1,0,4
392,6,2,1,1,5,5,5,5,3,3,3,4,3,4,3,5,3,5,5,4,4,5,4,5,1,38,1,0,1
393,6, ,1.5,1,5,5,3,5,4,3,2,4,4,4,2,4,3,3,3,3,1,4,2,4,1,29,1,.176091259055681, 
394,6,5, ,2,5,5,3,4,4,4, ,3, , , , ,5,5,4,4, , , , ,1, , , ,4
395,6, ,1,2,5,5,4,5,3,5,3,5,5,5,4,5,5,5,4,5,4,5,5,5,1,42,1,0, 
397,6,2,1,2,4,4,5,5,3,3,3,3,2,3,2,3,1,4,5,4,2,3,2,4,1,29,1,0,1
398,6,3,1,2,5,5,5,5,5,5,5,5,5,5,5,5,5,5,5,5,3,3,5,5,1,48,1,0,2
399,6,2,.04,2,5,5,4,5,4,3, , ,1,4,3,4,5,5,5,5, , , , ,1, ,1,-1.39794000867204,1
400,6,4,1,1,4,4,5,4,4,2,3,4,5,4,3,4,3,2,5,4,4,4,3,4,1,39,1,0,3
401,6,5,.58,1,4,5,4,5,4,5,3,3,3,3,3,3,4,4,4,5,3,3,4,4,1,36,1,-.236572006437063,4
402,6,4, ,2,5,5,4,5,2,4,1,3,3,4,4,4,4,5,5,5,1,4,4,4,1,33, , ,3
403,6,3,1,2,4,5,4,4,4,3,1,1,3,4,5,5,4,3, , ,1,4,2,4, , ,1,0,2
404,6,2,1,1,5,5,3,5,4,3,2,1,3,3, ,1,1,1,5,5,3,3,3,4,1, ,1,0,1
406,6,5, ,1,4,4,5,4,3,3,3,3,3,3,4,4,4,4,4,4, , , , ,1, , , ,4
407,6,4,1,1,5,5,5,4,5,5,5,4,5,5,5,5,5,5,5,5,4,4,5,5,1,49,1,0,3
408,6,5, ,1,4,5,4,4,4,3,2,3,3,4,3,3,4,4,4,4,1,3,3,3,1,32, , ,4
409,6,4,.5,2,5,5,4,4,4,4,4,3,5,4,5,5,5,5,5,5,3,4,5,5,1,45,1,-.301029995663981,3
410,6,3,1,1,4,4,3,5,3,4,3,5,2,5,2,4,3,5,3,5,2,4,3,4,1,28,1,0,2
411,6,4,1,1,5,5,3,5,4,4,3,3,3,3,4,4,4,5,3,4,4,3,4,5,1,37,1,0,3
412,6,2,.67,1,4,5,3,4,2,3,2,5,4,4,4,4,1,3,5,5,2,3,3,4,1,30,1,-.173925197299174,1
413,6,3,1,1,4,5,4,5,4,5,3,4,3,4,3,4,3,4,4,5,2,4,4,5,1,34,1,0,2
414,6,2, ,2,4,4,4,5,4,3,4,5,4,4,4,4,4,3,5,4,3,3,4,5,1,40, , ,1
415,6,3,1, ,5,5,3,5,1,5,1,5,1,5,3,5,1,5,4,5,1,5,1,5,1,21,1,0,2
419,6,3,1,2,5,5,4,3,5,3,1,1,5,3,4,2,5,3,5,4,5,4,4,3,1,43,1,0,2
420,6,4,4,1,4,5,4,5,4,3,1,4,2,4,3,4,3,4,4,4,1,4,3,4,1,29,2,.602059991327962,3
421,6,3,.5,2,5,5,5,5,4,4,4,4,5,5,5,4,5,4,5,5,4,4,5,5,1,47,1,-.301029995663981,2
422,6,5,1,1,5,5,4,5,4,4,4,4,4,4,4,4,4,4,4,4,3,4,3,4,1,39,1,0,4
424,6,2,.25,2,5,5,4,5,3,5,4,5,4,5,4,5,4,5,4,5,3,5,5,5,1,40,1,-.602059991327962,1
425,6,4,.08, ,4,4,4,4,4,4, , , , ,4,4,4,4,4,5, , , , ,1, ,1,-1.09691001300806,3
426,6,3,1,1,4,5,3,5,2,4,1,4,3,4,3,4,3,5,5,5,2,4,3,4,1,29,1,0,2
373,6, , ,1,4,5,4,4,3,4,4,4,4,4,3,4,3,4,3,4,4,4,3,5,1,35, , , 
375,6, , ,1,5,5,3,5,3,3,1,3,1,5,5,5,5,5,3,5,1,3,1,5,1,28, , , 
378,6,5,1.5,1,4,5,5,5,3,5,1,5,1,5,4,4, ,4,4,5,3,5,4,5,1, ,1,.176091259055681,4
382,6, ,1,1,3,3,3,3,3,3,4,4,3,4,3,3,3,4,3,3,3,3,2,2,1,30,1,0, 
385,6, ,1,1,4,4,4,5,3,4,1,5,1,5,2,5,2,2,4,4,1,3,3, ,1,25,1,0, 
386,6,5,.33,1,3,4,4,4,3,3,3,3,2,3,4,4,3,3,3,4,2,3,3,3,1,30,1,-.481486060122112,4
387,6, ,1, ,5,5,2, ,3, ,1, ,1, ,1, ,5, ,1, ,1, ,5, ,1,25,1,0, 
389,6,3,1,1,3,4,3,3,2,4,4,4,3,3,3,3,4,4,3,3,4,4,4,4,1,33,1,0,2
396,6,4, ,1,4,4,4,4,3,4,4,4,4,4,3,4,4,4,4,4,3,4,4,4,1,37, , ,3
405,6,3,1.5,1,5,5,4,4,3,4,3,4,3,5,4, ,4,4,4,4,4,5,4,5,1,38,1,.176091259055681,2
416,6,3,.16,1,5,5,5,5,5,5,2,5,5,5,3,3,5,5,5,5,5,5,5,5,1,45,1,-.795880017344075,2
417,6,3,1,1,4,5,3,5,1,5,1,5,1,5,4,5,3,5,4,5,4,5,1,5,1,26,1,0,2
423,6,2,.5,2,4,5,4,4,4,4,4,4,4,5,4,4,4,4,4,4,4,4,4,5,1,40,1,-.301029995663981,1
379,6, ,1.66, ,4,5,3,4,3,4,3,4,4,4,3,3,3,3,4,4,5,4,4,4,1,36,1,.220108088040055, 
418,6,2,2,1,5,5,5,5,5,4,5,5,5,3,5,4,5,2,4,2,5,3,3,3,1,47,1,.301029995663981,1
73,5,3,2.5,2,5,5,4,4,3,4,4,5,4,5,4,4,4,4,4,5,2,2,5,5,1,39,2,.397940008672038,2
66,5, ,6,2,5,5,3,5,4,4,2,3,2,3,3,3,1,3,2,4,1,3,4, ,1,27,3,.778151250383644, 
67,5,3,.58,2,4,4,4,4,4,3,3,3,1,3,3,3,2,3,4,4,3,3,4,4,1,32,1,-.236572006437063,2
68,5,2,.5,2,4,5,2,5,3,3,1,5,2,5,3,4,4,5,5,5,1,5,3,5,1,28,1,-.301029995663981,1
69,5,2,.5,2,4,5,3,5,4,3,3,4,4,4,4,3,1,3,5,5,4,4,4,4,1,36,1,-.301029995663981,1
70,5,4,7,1,5,5,4,5,2,4,3,4,4,4,5,4,1,4, , ,4,5,4,4,1, ,3,.845098040014257,3
71,5,4,5,2,4,4,4,4,4,3,4,4,4,4,4,4,3,4,5,5,4,4,5,5,1,41,2,.698970004336019,3
72,5,3,1,2,5,5,4,4,3,4,2,4,3,4,3,3,3,3,5,5,3,4,4,4,1,35,1,0,2
74,5, ,3,1,4,4,3,4, ,3,4,5,5,4,4,4, , ,5,5,5,4,5,5,1, ,2,.477121254719662, 
77,5,4,3,2,4,4,3,5,5,4,4,4,4,4,3,3,4,3,5,4,3,3,5,4,1,40,2,.477121254719662,3
78,5,3, ,2,4,4,3,4,3,3,2,4,2,4,2,3,2,2,4,4,2,3,3, ,1,27, , ,2
79,5,5,8,1,5,5,3,4,4,4,4,4,4,4,4,4,3,4,5,5,4,4,4,4,1,40,3,.903089986991944,4
80,5, ,1.5,2,5,5,4,5,3,3,4,5,5,5,4,5,3,3,5,5,4,5,5,5,1,42,1,.176091259055681, 
82,5,5,4,1,5,5,4,4,3,4,5,1,5,4,4,5,5,3,4,5,5,5,4,5,1,44,2,.602059991327962,4
83,5,2,1.5,2,4,4,3,5,4,3,4,5,4,5,4,4,3,5,4,3,4,4,4,4,1,38,1,.176091259055681,1
75,5, ,.5,1,5,5,4,4,4,3,4,4,4,4,3,3,4,4,5,5,5,4,4,4,1,42,1,-.301029995663981, 
76,5,2,1.5,1,4,5,4,5,3,3,5,4,5,5,4,4,2,3,4,4,5,5,5,5,1,41,1,.176091259055681,1
81,5,2,1.5,1,4,5,4,5,3,4,4,5,4,4,3,3,4,4,5,5,4,3,5,5,0,40,1,.176091259055681,1
84,5,3,3,1,5,4,4,5,4,4,5,3,4,4,4,4,4,4,4,5,5,4,3,5,1,42,2,.477121254719662,2
526,4,3,.16,2,5,5,3,5,4,4,3,4,2,3,4,4,3,3,5,5,3,4,2,3,1,34,1,-.795880017344075,2
527,4,3,4,2,4,4,4,5,3,4,4,3,4,3,4,4,4,4,4,4,4,3,3,3,1,38,2,.602059991327962,2
529,4,4,6,2,4,4,3,4,2,4,2,5,2,2,2,5,3,4,3,5,2,5,3,3,1,26,3,.778151250383644,3
534,4,4,1,2,5,5,3,5,5,5,5,5,5,5,5,5,5,5,4,5,4,5,5,5,1,46,1,0,3
535,4,5,10,2,3,5,2,5,2,4,1,5,2,5,1,5,2,5,3,5,3,5,1,5,1,20,3,1,4
537,4,4,4,2,5,5,4,5,2,3,4,5,3,4,4,4,4,4,5,5,3,4,2,4,1,36,2,.602059991327962,3
538,4,4,3,2,5,5,4,5,4,4,4,5,5,5,4,5,3,4,5,4,5,4,5,5,1,44,2,.477121254719662,3
539,4,4,8.5,1,5,5,5,4,5,5,5,5,5,5,5,5,5,5,5,5,5,5,5,5,1,50,3,.929418925714293,3
540,4,2,.08,1,4,4,4,4,5,4,5,5,5,5,4,5,4,3,5,5,4,5,4,5,1,44,1,-1.09691001300806,1
541,4,3,2.5,2,5,4,3,5,4,5,2,5,2,5,3,5,3,5,4,5,3,5,3,5,1,32,2,.397940008672038,2
542,4,3,2,2,5,5,3,5,4,4,3,4,4,3,3,5,4,4,5,4,3,4,3,3,1,37,1,.301029995663981,2
543,4,3, ,2,4,4,3,5,3,4,1,3,2,4,4,4,3,3,4,4,4,4,3,4,1,31, , ,2
544,4,2, ,2,4,5,3,5,4,4,3,5,4,4,5,5,3,4,4,4,3,5,4,5,1,37, , ,1
545,4,3,1,2,4,5,4,5,5,5,1,5,3,5,4,5,1,5,3,5,3,5,1,5,0,29,1,0,2
546,4,3,1,2,5,4,4,5,3,4,3,3,1,3,4,5,2,3,3,2,2,3,3,4,1,30,1,0,2
547,4,3,4,1,5,5,5,5,5,5,5,5,4,4,4,4,5,5,5,4,5,5,5,5,1,48,2,.602059991327962,2
548,4,2,1.5,2,4,4,2,4,3,3,3,2,2,2,4,3,3,3,3,4,2,3,4,4,1,30,1,.176091259055681,1
528,4,5,8,1,5,5,3,5,5,5,5,5,5,5,5,5,5,5,5,5,5,5,5,5,1,48,3,.903089986991944,4
531,4,2,5,1,4,5,3,5,4,5,2,5,3,5,4,5,3,3,4,5,3,4,1,5,1,31,2,.698970004336019,1
532,4, ,1,1,5,5,5,5,5,4,5,5,5,5,5,5,5,5,5,5,5,5,5,5,1,50,1,0, 
533,4,4,1.5, ,5,5,2,5,3,3,3,3,4,4,4,4,2,4,3,4,4,4,2,3,1,32,1,.176091259055681,3
536,4,4,1,1,4,4,4,4,4,3,4,4,4,4,4,4,4,4,4,4,4,4,4,4,1,40,1,0,3
530,4,3,3,1,4,4,3,5,4,4,5,5,4,5,4,5,3,3,5,5,5,5,4,5,1,41,2,.477121254719662,2
311,3,2,3,1,4,3,4,3,3,3,3,3,3,3,3,3,3,3,4,4,3,4,4,4,1,34,2,.477121254719662,1
323,3,5,42,1,4,4,3,4,3,4,3,4,3,4,3,4,3,4,3,4,4,4,3,4,1,32,3,1.6232492903979,4
337,3,3,10, ,5,4,4,4,3,4,3,3,3,3,3,4,2,3,3,3,2,4,3,4,1,31,3,1,2
252,3, ,10,1,4,5,3,5,2,5,2,5,1,5,1,4,3,4,5,5,1,3,2,5,1,24,3,1, 
253,3,5, ,2,4,4,3,5,4,1,1,3,2,3,3,3,1,1,4,4,1,2,2,3,1,25, , ,4
254,3,3,3,1,4,3,3,5,4,3,2,3,2,3,3,3,1,1,4,3,2,3,1,4,1,26,2,.477121254719662,2
255,3,4,7,1,5,5,4,4,2,4,1,3,3,3,3,3,3,4,4,5,2,4,3,3,1,30,3,.845098040014257,3
256,3,5,20,1,5,5,4,4,3,3, , ,3,4,3,4,3,3, , ,1,3,4,5,1, ,3,1.30102999566398,4
257,3,5,7,1,5,5,4,5,4,4,1,3,2,3,3,3,4,4,4,4,1,3,2,3,1,30,3,.845098040014257,4
258,3,3,6,1,5,5,3,3,2,3,1,5,4,5,1,5,2,4,5,5,1,4,3,5,1,27,3,.778151250383644,2
259,3,5,9,1,5,4,4,4,4,2,3,4,3,3,4,4,3,2,4,4,3,4,3,4,1,36,3,.954242509439325,4
261,3,2, ,1,5,5,4,5,3,3,3,5,3,5,4,5,2,3,5,5,3,5,4,5,1,36, , ,1
262,3,4,15,1,4,5,3,5,3,4,1,5,2,4,3,5,2,5,4,4,5,4,4,5,1,31,3,1.17609125905568,3
263,3,4,21,1,5,5,4,5,3,3,4,5,4,5,3,4,4,4,4,4,5,4,5,5,1,41,3,1.32221929473392,3
265,3,4,8,1,3,4,2,4,3,4,2,3,2,3,2,3,3,2,5,4,2,2,3,4,1,27,3,.903089986991944,3
266,3, ,2,1,5,5,1,5,1,5,1,5,2,5,1,5,1,5,5,5,1,3,1,5,0,19,1,.301029995663981, 
267,3, ,13,1,3,4,2,4,2,3,1,3,2,3,2,3,2,3,3,3,1,5,3, ,0,21,3,1.11394335230684, 
268,3, ,15,1,4,4,4,5,4,3,1,4,2,4,3,4,3,3,4,4,3,4,3,4,1,31,3,1.17609125905568, 
270,3,2,8,1,4,5,4,5,2,4,3,5,4,5,3,5,3,5,4,5,2,4,4,5,1,33,3,.903089986991944,1
271,3,3,4,1,4,4,2,5,3,5,2,4,3,4,3,4,2,4,5,5,1,3,4,4,1,29,2,.602059991327962,2
272,3,4,5,1,5,5,4,5,3,4,4,4,4,5,3,4,4,5,5,4,1,4,4,5,1,37,2,.698970004336019,3
273,3,5,16,1,5,5,5,5,4,5,1,4,1,1,4,4,4,4,3,4,1,1,2,2,1,30,3,1.20411998265592,4
274,3,5,3,2,5,5,4,5,3,3,1,2,3,1,2,2,3,2,4,4,1,1,3,2,1,29,2,.477121254719662,4
275,3,5,8.5,1,5,3,5,5,2,5,1,4,3,3,2,4,3,3,4,4,4,4,5,5,1,34,3,.929418925714293,4
276,3,4,8,1,3,3,4,5,2,1,1,5,2,4,3,4,1,1,4,4,1,1,2,4,1,23,3,.903089986991944,3
277,3,5,3,1,5,5,5,5,4,5,5,5,4,4,3,4,5,4,5,5,5,5,5,4,1,46,2,.477121254719662,4
278,3,5,3,2,5,5,4,5,4,3,2,3,4,4,4,4,3,3,5,4,1,3,4,3,1,36,2,.477121254719662,4
279,3,4,3,1,4,2,2,4,3,2,2,3,3,2,1,3,3,2,3,3,3,2,4,4,1,28,2,.477121254719662,3
280,3,3,2.75,1,4,4,3,5,3,4,3,4,3,4,4,5,2,5,4,5,2,4,3,5,1,31,2,.439332693830263,2
281,3,5,8,1,5,5,4,5,5,5,4,5,3,4,5,5,3,4,4,4,4,5,3,4,1,40,3,.903089986991944,4
282,3,3,2,1,5,5,4,5,5,5,4,5,5,5,5,5,5,5,4,5,5,5,5,5,1,47,1,.301029995663981,2
283,3, ,5,1,4,5,4,5,4,4,1,2,3,4,3,4,3,2,5,5,1,3,3,5,1,31,2,.698970004336019, 
284,3,4,8,1,4,5,3,5,3,3,3,4,2,4,3,5,1,2,4,5,3,4,2,3,1,28,3,.903089986991944,3
285,3, , ,1,5,4,3,5,2,3,2,3,1,3,3,4,1,1,4,4,1,2,3,4,1,25, , , 
286,3,4,1,1,5,5,3,5,2,4,3,3,3,3,2,3,2,4,1,5, ,4, ,5,1, ,1,0,3
287,3, ,1,1,5,5,3,5,2,4,3,3,3,3,2,3,2,4,5,5,1,4,4,5,1,30,1,0, 
288,3,5,18,1,5,4,3,5,4,2,1,2,1,2,2,4,1,2,4,4,1,1,3,1,1,25,3,1.25527250510331,4
289,3,5,3,1,4,4,3,4,3,2,4,4,3,4,3,5,3,3,4,4,3,2,4,3,1,34,2,.477121254719662,4
290,3, ,10,1,5,4,4,4,3,3,2,3,2,3,3,3,3,3,4,3,1,2,2,3,1,29,3,1, 
291,3,4,12,1,5,5,3,5,3,4,1,5,2,5,3,5,3,3,5,5,1,3,5,5,1,31,3,1.07918124604762,3
292,3,3,.75,2,5,5, ,5,4,5,2,5,3,3,4,5,3,3,5,5,3,4,3,4,1, ,1,-.1249387366083,2
293,3,4,16,1,5,5,3,5,3,4,3,5,4,4,3,4, , ,4,5,5,4,3,4,1, ,3,1.20411998265592,3
294,3, ,6,1,4,4,4,4,3,3,1,4,2,3,4,4,3,3,3,4,1,3,3,4,1,28,3,.778151250383644, 
295,3,3,7,1,5,5,3,5,4,3,3,4,4,4,3,4,2,4,5,5,1,4,5,5,1,35,3,.845098040014257,2
296,3,2,.75,2,4,5,5,5,2,3,1,3,1,2,3,2,2,2,4,5,1,2,5,5,1,28,1,-.1249387366083,1
298,3,4,3,1,5,4,5,5,4,2,1,3,3,3,1,4,2,5,4,4,1,1,3,3,1,29,2,.477121254719662,3
299,3,3,1,1,4,5,3,5,2,5,1,4,4,5,1,5,2,5,5,4,2,5,3,4,1,27,1,0,2
300,3, ,6,1,4,4,3,4,2,4,2,5,2,4,3,4,3,2,3,5,2,3,4,4,1,28,3,.778151250383644, 
301,3,3,5,1,5,5,5,5,3,2,1,1,2,2,5,4,1,5,5,5,1,1,5,3,1,33,2,.698970004336019,2
302,3,5,4,1,5,4,4,5,3,3,2,4,4,4,5,5,4,2,4,5,1,3,4,4,1,36,2,.602059991327962,4
303,3, ,7,1,5,4,3,5,4,4,3,4,3,4,4,4,4,4,5,5,3,3,3,3,1,37,3,.845098040014257, 
304,3,4,7,1,4,4,3,4,4,3,2,4,4,4,3,4,3,3,4,4,4,4,4,4,1,35,3,.845098040014257,3
305,3,5,30,1,5,4,4,4,2,3,1,4,1,4,2,3,2,3,4,4,3,3,2,4,1,26,3,1.47712125471966,4
306,3,4,3,1,5,5,4,4,4,4,5,5,5,5,5,5,4,4,4,5,5,5,5,5,1,46,2,.477121254719662,3
307,3,4,14,1,4,4,4,5,3,5,1,5,1,5,2,5,3,4,3,5,1,5,3,5,1,25,3,1.14612803567824,3
308,3, ,14,1,5,5,4,4,4,4,5,5,4,3,5,5,5,5,4,5,4,4,5,5,1,45,3,1.14612803567824, 
309,3,4, ,2,4,5,3,5,3,4,3,3,3,3,3,4,3,4,3,4,3,4,3,3,1,31, , ,3
310,3,4,13,1,4,5,3,5,4,4,3,4,4,5,4,4,3,3,4,5,1,4,3,4,1,33,3,1.11394335230684,3
312,3,5,4,1,5,4,4,4,4,4,3,3,3,2,3,3,3,3,5,5,4,4,3,4,1,37,2,.602059991327962,4
320,3,3,7,2,4,4,3,5,2,4,2,4,2,4,2,4,1,4,3,4,1,4,2,4,0,22,3,.845098040014257,2
333,3,4,9,2,5,5,4,5,4,5,2,5,4,5,3,5,1,5,3,5,4,5,5,5,0,35,3,.954242509439325,3
334,3,3,2,2,4,4,4,4,3,2,3,3,3,3,3,3,2,3,4,4,4,4,3,4,1,33,1,.301029995663981,2
335,3,5,7.5,1,4,5,3,5,3,4,3,4,5,5,3,5,2,5,4,5,4,5,5,5,1,36,3,.8750612633917,4
336,3, ,8,2,5,5,3,5,2,5,1,5,2,5,3,5,1,5,4,4,1,3,2,4,1,24,3,.903089986991944, 
338,3,4,4,2,4,4,4,5,4,3,2,3,2,3,3,3,1,4,5,5,1,3,3,4,1,29,2,.602059991327962,3
339,3, ,1,2,3,4,4,4,2,4,2,4,1,4,2,3,1,4,4,4,1,3,2,4,1,22,1,0, 
340,3,5, ,2,4,4,3,5,3,4,3,4,3,4,3,4,2,4,3,4,3,3,1,5,1,28, , ,4
341,3, ,7,2,4,5,4,5,3,4,2,3,2,3,2,4,2,3,3,2,2,3,3,3,1,27,3,.845098040014257, 
342,3, ,3,2,5,5,4,5,4,3,1,4,3,4,2,4,1,4,5,5,1,3,4,3,1,30,2,.477121254719662, 
343,3,3,3,2,3, ,4, ,3, ,3, ,3, ,3, ,3, ,4, ,2, ,3, ,1,31,2,.477121254719662,2
344,3,3,3,2,4,5,3,5,3,4,2,4,4,4,3,4,4,5,4,4,4,4,3,4,1,34,2,.477121254719662,2
345,3, , , ,5,5,1,5,4,2,1,3,5,4,3,4,1,5,5,5,1,3,5,5,1,31, , , 
346,3,3,8,2,5,5,4,5,3,3,1,4,3,4,3,4, ,4,4,5,3,3,3,4,1, ,3,.903089986991944,2
347,3, ,6,1,4,4,3,4,3,3,2,5,3,5,3,4,2,3,4,4,2,4,4,4,1,30,3,.778151250383644, 
348,3,4,4,2,4,5,3,5,3,2,1,3,2,3,3,4,1,4,5,5,3,3,4,4,1,29,2,.602059991327962,3
349,3,5,5,1,5,5,4,4,2,3,3,3,2,4,3,3,2,3,3,4,1,1,4,4,1,29,2,.698970004336019,4
350,3,4,3,1,5,3,3,5,4,3,4,2,5,2,3,4,1,3,5,5,3,1,3,4,1,36,2,.477121254719662,3
351,3,5,15,1,5,5,4,5,3,3,2,2,3,2,3,2,4,3,4,4,3,3,4,3,1,35,3,1.17609125905568,4
352,3,4,22,1,5,5,3,4,2,3,1,4,3,4,3,3,2,5,4,5,3,4,3,4,1,29,3,1.34242268082221,3
354,3,4,10,1,5,5,4,5,3,3,4,5,5,5,4,5,4,5,5,5,1,1,5,5,1,40,3,1,3
355,3,5, ,1,5,4,4,4,1,4,1,2,1,2,3,3,1,3,4,5,1,3,3,3,1,24, , ,4
358,3,3,13,1,4,4,4,4,4,4,1,2,3,3,3,3,3,3,3,3,1,1,3,3,1,29,3,1.11394335230684,2
359,3,5,3,1,4,5, ,5,2,4,1,5,2,5,3,5,2,5,3,5,2,5,2,4,0, ,2,.477121254719662,4
360,3,5,3,1,4,4,3,4,3,2,4,4,4,4,5,4,2,3,5,4,3,3,4,5,1,37,2,.477121254719662,4
361,3,3,3,1,4,4,5,4,2,3,2,3,4,4,2,3,2,4,4,5,1,5,4,5,1,30,2,.477121254719662,2
362,3,4,18,1,4,4,3,5,3,3,3,2,3,3,3,4,2,2,3,4,2,2,3,2,1,29,3,1.25527250510331,3
363,3,1,43,1,1,1,1,1,1,1,1,1,1,1,1,1,1,1,1,1,1,1,1,1,0,10,3,1.63346845557959,1
364,3,5, ,1,4,4,4,4,3,3,3,3,3,3,4,3,3,2,4,4,1,2,3,3,1,32, , ,4
365,3, ,3,1,5,5,4,5,4,2,2,4,4,4,3,4,3,5,4,4,3,2,4,4,1,36,2,.477121254719662, 
366,3,5,7,1,3,5,2,5,2,3,3,3,3,3,2,3,2,3,5,5,1,3,3,5,1,26,3,.845098040014257,4
367,3,3,7,1,5,5,3,5,2,4,1,3,3,3,2,4,2,3,4,4,3,3,3,4,1,28,3,.845098040014257,2
368,3,4,8,1,5,4,4,5,3,2,1,3,2,3,2,4,2,3,4,4,1,2,3,4,1,27,3,.903089986991944,3
369,3, ,7,1,5,5,4,5, ,3,4,4,3,4,4,4,2,4,4,5,3,5,3,5,1, ,3,.845098040014257, 
370,3,3,4,1,4,5,3,4,4,3,3,2,2,3,3,3,2,2,3,4,3,4,3,4,1,30,2,.602059991327962,2
371,3,3,12,1,5,5,3,5,4,2,1,5,1,5,2,5,1,1,4,3,1,5,1,5,1,23,3,1.07918124604762,2
372,3,5,8,1,5,5,5,5,3,5,5,5,5,5,3,5,4,4,4,5,5,5,5,3,1,44,3,.903089986991944,4
427,3,4,10,1,5,3,3,4,4,5,3,4,5,5,4,5,2,5,4,5,1,2,1,5,1,32,3,1,3
428,3,5,12,1,5,5,3,5,2,4,1,5,1,5,2,5,1,5,5,5,1,5,2,5,1,23,3,1.07918124604762,4
250,3,4, ,1,4,3,2,4,3,3,1,3,3,4,3,4,2,3,4,4,3,4,2,4,1,27, , ,3
251,3, ,3.5,1,4,5,3,5,4,3,4,5,2,5,3,5,1,4,4,4,1,3,2,3,1,28,2,.544068044350276, 
260,3, ,.5,1,5,5,4,5,3,3,4,5,2,5,3,5,2,4,4,5,3,5,3,5,1,33,1,-.301029995663981, 
264,3, ,16,1,5,5,4,5,4,5,5,4,5,5,4,5,4,5,5,5,5,5,4,5,1,45,3,1.20411998265592, 
269,3,3,5,1,4,5,3,4,4,3,3,4,4,4,4,4,4,3,5,4,1,4,4,5,1,36,2,.698970004336019,2
297,3,5,34,1,5,5,5,5,5,5,5,5,5,5,5,5,5,5,5,5,5,5,5,5,1,50,3,1.53147891704226,4
313,3,5,15,1,4,4,3,3,2,2,5,4,4,4,4,3, , ,4,4,5,5,3,3,1, ,3,1.17609125905568,4
314,3, ,24,1,5,5,4,5,3,3,2,3,4,4,3,3,3,4,4,5,4,5,3,4,1,35,3,1.38021124171161, 
315,3,4, ,1,4,5,5,5,5,5,4,4,5,5,5,4,5,5,4,4,5,5,5,4,1,47, , ,3
316,3,4,9,1,4,4,3,5,3,4,4,4,4,4,3,3,3,3,2,3,4,4,2,4,1,32,3,.954242509439325,3
317,3,2,1,1,4,4,5,4,4,5,4,4,4, ,4,4,4, ,4,4,5,5,5,5,1,43,1,0,1
318,3, , ,1,5,5,3,5,4,5,4,5,5,5,1,5, , ,1,5,5,5,5,5,1, , , , 
319,3,5,6,1,5,5,4,5,4,5,3,4,5,5,3,3,3,4,4,5,4,5,4,5,1,39,3,.778151250383644,4
321,3,5, ,1,5,5,5,5,3,5,4,5,4,5,4,5,3,4,4,4,4,5,5,4,1,41, , ,4
322,3,4,23,1,5,5,4,5,4,4,3,4,4,4,4,4,3,4,4,4,4,4,3,4,1,38,3,1.36172783601759,3
324,3,3,4,1,4,3,1,5,4,4,5,5,5,5,5,4,4,5,3,4,5,4,5,5,1,41,2,.602059991327962,2
325,3,2,1,1,5,5,5,4,4,5,3,4,4,5,3,4,4,3,3,4,5,4,3,4,1,39,1,0,1
326,3, ,10,1,4,4,3,5,4,4,1,5,4,4,3,5,3,5,5,5,5,5,1,4,1,33,3,1, 
327,3,2,7,1,4,5,3,5,2,5,4,5,3,4,3,5,4,5,2,5,5,5,3,5,1,33,3,.845098040014257,1
329,3,2,3,1,5,5,5,5,5,5,4,5,5,5,5,5,1,2,2,5,4,4,3,4,0,39,2,.477121254719662,1
330,3,3,4,1,5,5,3,5,2,5,3,5,4,5,4,5,5,5,4,4,2,5,3,5,1,35,2,.602059991327962,2
331,3, , ,1,5,4,5,5,3,3,3,5,4,5,5,5,4,4,3,3,5,5,5,5,1,42, , , 
332,3, ,1.5,1, , ,3,5,4, ,2,3,3,5,3,4,3,3,3,5,4,4,4,4,1, ,1,.176091259055681, 
353,3,5,16,1,5,5,3,5,3,4,1,4,1,5,3,4,5,4,5,5,1,4,1,4,1,28,3,1.20411998265592,4
356,3,4, ,1,4,5,3,5,4,5,2,5,2,5,3,4,3,4,3,4,2,4,4,4,1,30, , ,3
357,3,4,5,1,5,5,5,5,4,5,1,3,5,4,2,3,4,4,4,4,1,3,3,4,1,34,2,.698970004336019,3
328,3,2,.75,1,4,5,4,5,4,5,2,5,2,5,4,4,5,4,4,5,2,5,4,5,1,35,1,-.1249387366083,1
92,2,4,3,2,3,3,4,4,3,2,3,4,3,4,2,3,3,4,4,3,4,5,3,5,0,32,2,.477121254719662,3
108,2, ,3,2,4,4,3,4,4,3,3,3,4,4,3,4,3,4,5,5,3,4,4,4,1,36,2,.477121254719662, 
121,2, ,2,1,5,5,2,5,2,5,3,5,3,5,2,4,2,4,4,5,4,5,4,5,0,31,1,.301029995663981, 
85,2,3,.5,2,3,4,2,5,3,4,3,5,3,5,4,5,3,5,3,4,4,4,4,4,0,32,1,-.301029995663981,2
87,2,4,4,2,3,5,4,5,3,5,3,4,3,5,3,5,3,5,5,5,4,5,4,5,0,35,2,.602059991327962,3
96,2,4,4,2,4,4,2,4,4,4,5,3,5,4,4,3,3,3,5,5,1,4,4,4,1,37,2,.602059991327962,3
97,2, , ,2,4,4,3,4,4,3,2,4,1,3,2,3,2,3,4,4,3,3,3,3,1,28, , , 
98,2, ,2.5,2,4,5,4,5,4,5,4,5,4,5,4,5,4,5,4,5,4,5,4,5,1,40,2,.397940008672038, 
99,2,2,.5,2,5,5,3,5,2,3,2,5,3,5,4,4,3,4,5,5,4,5,3,5,1,34,1,-.301029995663981,1
100,2,3,1,2,4,5,3,5,4,4,4,4,4,4,4,4,3,5,4,4,3,5,3,4,1,36,1,0,2
102,2, ,18,2,5,4,3,5,4,4,1,4,4,4,3,3,3,4,5,4,5,3,1,3,1,34,3,1.25527250510331, 
103,2,5,5,2,4,4,4,5,4,3,3,3,4,4,4,4,3,3,4,4,4,4,3,4,1,37,2,.698970004336019,4
107,2, ,10,1,3,5,4,5,4,5,4,5,1,5,2,5,2,2,4,5,4,5,4,5,0,32,3,1, 
111,2,5,18,2,4,4,4,5,4,4,3,4,3,4,2,4,3,4,5,5,3,4,3,4,1,34,3,1.25527250510331,4
115,2,3,1,1,4,4,3,5,4,4,3,4,3,4,3,3,4,4,4,4,5,4,3,4,1,36,1,0,2
122,2,4,16,1,5,5,5,5,5,5,3,5,5,5,5,5,5,5,5,5,5,5,5,5,1,48,3,1.20411998265592,3
126,2, ,15,2,3,5,3,4,2,3,1,3,2,2,2,4,1,4,4,4,3,3,3,3,0,24,3,1.17609125905568, 
127,2,4,10,2,5,5,4,5,5,5,2,4,3,4,5,5,5,5,5,5,3,4,4,5,1,41,3,1,3
128,2, ,2,2,4,4,2,4,3,3,5,4,5,4,3,4,2,4,4,4,5,5,4,5,0,37,1,.301029995663981, 
129,2,3,16,2,4,5,4,5,4,5,4,4,5,5,5,5,4,5,5,5,5,5,4,5,1,44,3,1.20411998265592,2
130,2,4,5,1,4,5,3,5,4,4,2,4,2,4,3,4,3,4,5,5,5,5,4,5,1,35,2,.698970004336019,3
132,2,4,.5,2,3,5,2,5,4,5,2,4,2,4,3,3,3,4,4,4,3,5,4,5,1,30,1,-.301029995663981,3
133,2,5,16,1,5,5,5,5,4,4,4,5,4,4,4,4,4,4,5,5,5,5,5,5,1,45,3,1.20411998265592,4
134,2,5, ,1,3,5,3,5,3,5,2,5,1,5,1,5,1,3,3,4,1,4,1,4,1,19, , ,4
135,2,4,7,1,5,5,4,5,5,5,5,5,5,5,5,5,3,5,4,5,5,5,5,5,1,46,3,.845098040014257,3
136,2,4,8,1,4,4,4,4,3,4,3,4,4,4,3,4,3,4,4,4,4,4,4,4,1,36,3,.903089986991944,3
137,2,4,3,2,4,5,2,5,3,3,1,5,3,5,3,4,3,4,5,5,4,5,3,5,1,31,2,.477121254719662,3
138,2,4,2,2,3,5,3,5,3,5,3,4,4,4,2,4,2,3,4,4,4,4,4,4,1,32,1,.301029995663981,3
216,2, ,6,2,5,5,4,5,3,3,3,3,3,3,4,4,2,4,5,4,3,3,3,3,1,35,3,.778151250383644, 
217,2,3,.5,2,5,5,5,5,4,2,4,4,4,3,4,3,4,3,4,4,4,4,4,4,1,42,1,-.301029995663981,2
218,2, ,3,2,5,5,3,5,4,2,3,5,3,3,3,5,3,3,5,4,4,2,4,5,1,37,2,.477121254719662, 
219,2,2,1,2,5,5,5,5,5,5,5,5,5,5,4,4,3,3,5,5,5,5,5,5,1,47,1,0,1
220,2,2,1,2,4,5,4,5,4,4,3,5,4,4,3,5, , ,5,5,3,4,4,4,1, ,1,0,1
221,2,2,.5,2,4,5,4,5,3,4,2,5,3,5,4,4,5,4,4,4,3,4,3,5,1,35,1,-.301029995663981,1
222,2,2,1,2,4,5,4,5,3,3,4,5,4,5,4,5,3,4,4,4,4,5,5,5,1,39,1,0,1
223,2,4,3,2,4,4,4,5,3,3,5,5,5,5,4,3,4,5,5,5,4,4,4,5,1,42,2,.477121254719662,3
224,2,3,2,1,4,4,4,4,3,2,3,3,4,3,3,3,3,3,4,4,3,3,4,3,1,35,1,.301029995663981,2
225,2,3,.5,2,5,4,4,5,5,4,4,5,4,5,4,5,4,4,4,4,3,5,4,5,1,41,1,-.301029995663981,2
226,2,3,.92,1,5,5,4,4,4,3,4,4,5,4,4,3,3,3,4,4,5,4,4,5,1,42,1,-.0362121726544447,2
227,2,4,2,2,5,5,5,5,4,3,5,3,5,3,5,4,4,4,5,5,4,3,5,4,1,47,1,.301029995663981,3
228,2,2,.5,2,5,5,5,5,5,3,4,5,3,4,4,5,4,3,4,4,4,5,4,4,1,42,1,-.301029995663981,1
229,2,3,1,2,5,4,4,4,4,3,4,2,4,3,4,3,3,2,4,4,4,3,4,3,1,40,1,0,2
230,2,3,3,2,5,4,4,3,4,3,3,3,3,4,4,4,3,3,4,4,2,3,3,3,1,35,2,.477121254719662,2
231,2,2,6,1,4,4,4,4,4,4,4,4,4,4,3,4,4,4,4,4,4,4,4,4,1,39,3,.778151250383644,1
232,2,2,1.5,2,5,5,4,5,4,5,2,5,3,5,4,5,4,5,4,5,3,5,5,5,1,38,1,.176091259055681,1
233,2,2,1,2,4,5,3,5,4,1,5,5,5,5,4,5,1,1,5,5,4,5,2,5,1,37,1,0,1
234,2,2,2,1,5,4,3,4,4,4,4,4,5,5,4,4,3,4,4,5,4,3,3,5,1,39,1,.301029995663981,1
235,2,4,1.5,1,4,5,3,5,4,4,4,3,3,4,4,5,5,5,4,5,4,2,1,5,1,36,1,.176091259055681,3
236,2,2, ,2,4,5, ,5,3,3,5,5,3,5,4,4,3,3,5,4,4,5,5,5,1, , , ,1
237,2,5, ,1,5,5,5,5,5,5,5,5,5,5,5,5,5,5,5,5,5,5,5,5,1,50, , ,4
239,2,3,.08,2,4,4,5,5,4,3,1,5,2,5, ,4, ,1,4,4,1,5, , ,1, ,1,-1.09691001300806,2
88,2,5,15,1,5,5,4,5,5,4,3,4,4,4,4,4,4,4,4,4,4,4,4,4,1,41,3,1.17609125905568,4
89,2,4,3,2,4,4,4,5,4,3,4,4,4,4,4,4,3,3,5,5,5,4,4,4,1,41,2,.477121254719662,3
90,2,2,5,1,4,4,3,4,5,5,4,3,5,5,4,5,3,3,5,4,3,4,3,3,1,39,2,.698970004336019,1
93,2,5,2,2,4,5,5,5,4,5,3,5,5,5,3,5,3,3,4,5,5,5,5,5,1,41,1,.301029995663981,4
104,2,4,2,2,5,4,2,4,5,4,1,3,3,3,4,4,2,4,5,4,5,4,3,4,1,35,1,.301029995663981,3
105,2, ,2,1,5,5,5,4,3,3,3,4,5,5,2,4,2,3,4,4,5,5,3,4,1,37,1,.301029995663981, 
109,2,3,4.5,2,4,5,3,5,3,4,4,5,4,5,3,5,3,4,5,5,3,5,3,5,1,35,2,.653212513775344,2
110,2,2,2.75,1,5,5,5,5,4,5,5,5,5,5,3,5,4,5,3,4,5,5,4,5,1,43,2,.439332693830263,1
112,2,5,14,2,4,4,4,4,3,4,2,4,3,4,3,3,2,3,4,4,4,5,3,4,1,32,3,1.14612803567824,4
113,2,3,10,2,5,5,5,5,4,4,2,4,2,3,4,4,2,2,5,5,1,4,2,3,1,32,3,1,2
114,2,4,2,1,5,4,4,4,4,4,4,4,4,4,4,4,4,4,5,5,5,5,4,4,1,43,1,.301029995663981,3
116,2,5,23,1,5,5,5,5,5,5,5,5,5,4,5,4,5,4,4,5,5,5,4,3,1,48,3,1.36172783601759,4
117,2,3,4,1,4,5,5,5,5,5,4,5,4,5,4,5,5,5,5,5,5,5,5,5,1,46,2,.602059991327962,2
118,2,5,14,2,5,5,3,5,4,5,5,4,5,4,4,4,4,4,5,5,5,5,4,4,1,44,3,1.14612803567824,4
119,2,5,3.5,1,5,5,3,5,4,5,3,5,5,5,3,4,5,5,5,5,4,5,4,4,1,41,2,.544068044350276,4
120,2,4,8,1,4,4,4,4,5,5,3,5,4,5,4,5,4,4,4,5,4,4,4,5,1,40,3,.903089986991944,3
123,2,3,1,1,5,5,4,5,3,5,5,4,5,4,4,4,4,4,4,4,5,5,5,5,1,44,1,0,2
124,2, ,2,1,4,4,3,4,4,2,2,4,2,3,2,3,2,3,3,4,4,4,3,3,1,29,1,.301029995663981, 
125,2,3, ,2,5,5,5,5,4,4,5,5,5,5,4,4,3,3,5,4,5,5,4,4,1,45, , ,2
131,2,3,.75,1,4,5,4,4,4,5,5,5,5,5,5,5, , ,5,5,5,5,5,5,1, ,1,-.1249387366083,2
238,2,3,7,1,4,5,3,5,3,5,3,5,3,5,4,5,3,3,4,5,4,4,4,5,1,35,3,.845098040014257,2
86,2,2,.58,2,3,4,2,5,4,4,4,5,4,4,3,4,5,5,5,5,5,5,3,5,1,38,1,-.236572006437063,1
91,2,4,12,1,5,5,3,5,5,5,5,5,5,5,5,5,3,5,5,5,5,5,3,5,1,44,3,1.07918124604762,3
94,2, ,.5,2,4,5,4,5,3,4,3,4,4,4,4,4,4,4,5,5,5,5,5,5,1,41,1,-.301029995663981, 
95,2,2,.5,1,4,5,3,5,4,4,5,5,4,5,4,4,3,5,5,5,5,5,5,5,1,42,1,-.301029995663981,1
101,2,5,12,2,5,4,4,5,5,4,5,5,5,5,4,5,4,5,4,5,5,5,4,5,1,45,3,1.07918124604762,4
106,2,5, ,2,4,5,4,5,3,4,5,3,5,3,4,3,4,3,5,5,5,5,4,4,1,43, , ,4
157,1,4,6,2,5,4,3,3,1,3,1,2,1,1,1,3,1,1,5,3,1,1,1,1,0,20,3,.778151250383644,3
174,1,4,10,1,4,5,3,4,2,4,3,4,2,4,3,3,4,3,4,4,1,4,3,3,1,29,3,1,3
180,1,5,8,1,4,5,3,4,4,4,3,4,4,4,3,4,2,4,4,5,4,4,4,4,1,35,3,.903089986991944,4
191,1,5,3,2,4,4,3,4,3,3,3,3,3,3,3,3,4,4,4,4,3,3,3,4,1,33,2,.477121254719662,4
141,1,4, ,1,3,4,3,4,4,4,1,4,3,4,2,4,3,3,5,4,5,4,3,4,1,32, , ,3
148,1,4,13,2,4,4,5,4,4,4,4,3,3,2,4,4,4,4,5,4,4,4,4,4,1,41,3,1.11394335230684,3
149,1,4, ,2,5,5,5,5,5,5,1,1,1,1,1,1,4,1,5,5,1,1,1,1,1,29, , ,3
150,1, ,8, ,5,5,5,5,5,5,3,4,3,4,3,5,4,4,5,5,5,5,3,5,1,41,3,.903089986991944, 
151,1,2,.5,2,5,5,4,4,2,3,4,3,3,2,3,1,3,2,3,3,5,5,3,4,1,35,1,-.301029995663981,1
152,1,4,3,2,5,4,3,4,2,2,2,3,2,3,3,3,3,3,4,4,1,3,2,4,1,27,2,.477121254719662,3
153,1,3,6,2,5,4,4,5,3,2,3,4,3,2,4,3,3,3,4,4,1,1,3,2,1,33,3,.778151250383644,2
154,1,5,2,2,4,4,4,4,4,3,2,1,2,1,3,3,3,1,4,4,1,1,4,4,1,31,1,.301029995663981,4
155,1, ,1.5,2,5,4,3,2,2,2,1,4,1,4,4,3,3,3,4,3,1,4,2,4,1,26,1,.176091259055681, 
156,1,5,.5,1,4,5,4,4,3,4,4,3,4,3,4,4,4,4,3,4,3,3,4,5,1,37,1,-.301029995663981,4
158,1, ,2,1,4,4,1,5,4,3,3,4,3,4,4,4,2,4,5,5,1,4,3,4,1,30,1,.301029995663981, 
159,1,2,1,2,4,4,2,4,3,3,3,3,3,3,3,3,3,4,4,3,3,3,4,4,1,32,1,0,1
160,1, ,4,1,5,5,4,3,2,4,2,3,2,3,2,3,3,4,4,4,1,3,2,3,0,27,2,.602059991327962, 
161,1,5,5,1,4,5,3, ,1,4,1,4,1,3,2,3,1,2,4,4,1,3,2,3,0,20,2,.698970004336019,4
162,1,4,1,1,4,4,2,4,2,3,1,3,2,3,3,4,2,2,4,3,2,3,2,3,1,24,1,0,3
163,1, ,5,1,4,4,4,4,4,4,2,3,3,2,2,4,3,3,5,5,1,3,3,4,1,31,2,.698970004336019, 
164,1,2,2.5,1,4,5,2,5,2,5,1,4,1,5,1,4,1,4,3,5,1,5,2,5,1,18,2,.397940008672038,1
165,1,5,1,1,4,5,3,5,2,5,2,1,1,3,3,4,1,4,5,5,1,4,4,4,0,26,1,0,4
167,1,2,3,2,3,5,1,5,3,3,1,2,2,4,2,4,1,3,3,4,1,3,3,5,0,20,2,.477121254719662,1
168,1,4,10,1,2,5,2,5,1,3,2,4,3,3,3,4,1,3,4,4,1,4,3,4,1,22,3,1,3
169,1,4,6,2,4,5,3,5,2,5,1,5,2,5,3,5,3,5,4,5,1,5,3,5,1,26,3,.778151250383644,3
178,1, ,3,1,4,3,3,3,4,3,2,4,2,4,3,4,2,4, , ,1,4,1,4,1, ,2,.477121254719662, 
179,1, ,8,1,5,5,1,5,1,5,1,3,1,4,3,5,2,5,3,5,1,5,2,4,0,20,3,.903089986991944, 
181,1, ,6,1,2,5,1,5,2,4,1,3,2,4,1,3,4,4,5,4,1,3,1,4,0,20,3,.778151250383644, 
182,1,4,4,2,4,5,2,5,1,5,5,5,4,5,3,5,1,5,5,5,3,5,3,5,1,31,2,.602059991327962,3
183,1,5,3,1,4,5,2,5,1,4,4,3,3,3,2,4,2,4,4,4,1,3,1,4,0,24,2,.477121254719662,4
184,1,5,11,1,5,5,4,5,3,5,3,5,3,5,3,5,3,5,4,5,3,5,5,5,1,36,3,1.04139268515823,4
185,1,4,4.5,1,5,5,3,4,1,4,4,4,3,3,3,3,4,4,3,4,3,3,4,4,1,33,2,.653212513775344,3
186,1,5,1, ,5,5,4,5,2,4,3,3,4,3,3,3,4,4,4,5, , ,5,5,1, ,1,0,4
187,1,4,5,1,5,5,2,4,1,5,2,3,1,5,1,4,1,4,5,5,1,1,1,1,1,20,2,.698970004336019,3
188,1, , ,1,4,5,4,5,4,5,2,4,2,5,3,4,3,5,5,5,4,4,3,5,1,34, , , 
189,1, ,2, ,5,5,4,5,4,3,2,4,5,4,4,4,3,3,4,2,3,3,5,5,1,39,1,.301029995663981, 
190,1,4, ,2, ,5,3,5,2,4,1,4,1,3,2,4,3,5,4,4,3,3,3,4,1, , , ,3
192,1, , ,2,5,5,4,5,4,4,4,3,5,3,5,5, , ,5,5,5,2, , ,1, , , , 
193,1,3,.25,2,4,4,3,4,3,2,3,3,3,3,3,3,3,4,4,4,1,3,4,4,1,31,1,-.602059991327962,2
194,1,5,15,1,4,4,3,4,3,5,3,5,3,4,2,5,4,4,5,5,3,4,3,4,1,33,3,1.17609125905568,4
195,1, ,1,2,3,4,3,4,4,4,2,3,2,4,2,4,2,3,4,4,3,3,2,4,1,27,1,0, 
196,1, ,4,2,5,5,4,5,3,5,3,5,5,5,5,5,2,5,5,5,2,5,2,5,1,36,2,.602059991327962, 
197,1,5,2,2,4,4,3,4,3,4,2,3,3,3,3,4,4,4,4,4,4,4,4,4,1,34,1,.301029995663981,4
198,1, ,.5,2,3,5,2,4,2,3,4,4,5,4,5,5,3,4,4,5,5,4,5,5,1,38,1,-.301029995663981, 
199,1,5,8,1,5,5,3,5,2,5,4,3,4,4,4,4,1,5,4,5,3,4,5,5,0,35,3,.903089986991944,4
200,1,2, ,2,4,4,4,5,5,5,4,4,5,5,5,5,4,3,4,4,5,5,5,5,1,45, , ,1
201,1,5, , ,3,5,4,5,4,4,4,4,5,5,4,5,5,5,5,5,1,3,5,4,1,40, , ,4
202,1,3,.33,2,4,5,4,5,2,3,1,2,3,4,3,3,3,3,4,4,3,3,3,3,1,30,1,-.481486060122112,2
203,1,5,.16,2,5,5,3,5,3,3, , ,4,5,4,4,4,5,5,5, , ,3,5,0, ,1,-.795880017344075,4
205,1,3,1.5,2,4,4,4,5,3,2,3,3,4,3,4,2,1,3,5,5,3,3,5,5,1,36,1,.176091259055681,2
206,1, ,6,2,4,5,2,5,4,4,1,5,4,5,2,5,1,5,4,5,3,5,2,5,0,27,3,.778151250383644, 
207,1,2,2,2,3,3,3,3,2,1,2,4,2,3,1,2,2,3,3,2,1,3,2,4,1,21,1,.301029995663981,1
208,1,5,2,2,4,4,3,5,3,3,3,5,3,4,4,4, , ,4,4,3,5,3,4,1, ,1,.301029995663981,4
209,1,4,2.5,2,5,5,3,5,3,5,5,5,5,5,5,5,1,4,4,4,5,5,4,5,1,40,2,.397940008672038,3
210,1,4,28,2,4, ,3, ,2, ,2, ,4, ,4, ,1, ,3, ,2, ,1, ,0,26,3,1.44715803134222,3
211,1,5,12,1,5,5,4,5,4,5,4,4,5,4,4,4,3,5,5,5,4,4,4,4,1,42,3,1.07918124604762,4
212,1,3, ,2,4,5,3,5,4,4,4,4,5,5,4,4,4,4,4,5,4,4,5,5,1,41, , ,2
213,1, , ,2,5,5,5,5,4,5,1,5,4,5,3,5,4,5,5,5,1,5,1,5,1,33, , , 
214,1,2,1,2,4,5,5,5,2,3,1,4,3,5,1,4,2,2,4,2,3,5,5,5,1,30,1,0,1
215,1,4,7,1,4,4,4,4,2,4,3,4,3,4,3,3,3,4,3,4,2,3,2,4,1,29,3,.845098040014257,3
139,1,5,1,1,4,5,3,4,3,4,3,5,3,5,3,4,3,3,4,5,3,5,4,5,1,33,1,0,4
140,1,5,18,1,4,5,3,5,4,5,3,5,5,5,4,4,3,4,3,5,3,3,3,5,1,35,3,1.25527250510331,4
142,1, ,3,1,4,4,4,5,2,4,2,3,3,3,3,4,2,4,4,4,3,4,3,4,1,30,2,.477121254719662, 
145,1,2,3,1,3,5,2,5,1,5,1,5,5,5,3,5,1,5,4,4,3,5,4,5,0,27,2,.477121254719662,1
146,1,5,15,1,4,4,3,4,3,4,3,4,3,4,3,4,3,4,3,4,1,4,2,3,1,28,3,1.17609125905568,4
147,1,5, ,1,5,5,4,5,4,5,4,5,3,5,3,5,4,4,5,5,5,5,5,5,1,42, , ,4
166,1,5,13, ,5,5,4,4,3,4,3,4,2,4,3,5,2,5,5,5,3,5,2,5,0,32,3,1.11394335230684,4
170,1,5,7,1,5,5,3,4,1,5,4,4,4,4,4,4,3,4,5,5,4,4,3,4,1,36,3,.845098040014257,4
171,1,3,9,1,5,5,3,5, ,5,4,5,5,5,4,5,4,5,5,5,5,5,3,5,1, ,3,.954242509439325,2
172,1,5, ,1,5,5,3,5,3,5,4,5,5,5,4,5,3,5,5,5,5,5,3,5,1,40, , ,4
175,1,5,3,2,5,5,3,5,3,4,5,5,4,4,4,4,4,4,3,4,3,4,4,4,1,38,2,.477121254719662,4
176,1,5,13,1,5,5,4,4,3,5,1,3,1,4,1,5,3,5,2,5,1,3,3,4,1,24,3,1.11394335230684,4
177,1,2,3,1,5,4,3,4,1,4,4,5,3,3,3,4,4,3,5,5,4,4,4,3,1,36,2,.477121254719662,1
204,1,2, ,2,4,5,3,5,4,5,3,4,4,5,3,4,3,3,4,5,4,4,3,4,1,35, , ,1
143,1,2,.25,1,4,4,4,4,4,4,4,3,5,3,4,3,4,3,4,4,5,2,5,5,1,43,1,-.602059991327962,1
144,1,3,1,1,4,4,3,4,3,4,5,4,4,4,4,3,3,4,4,4,4,4,4,4,1,38,1,0,2
173,1,3,.5,1,3,5,3,4,2,5,1,3,2,4,2,3,3,4,4,4,1,4,5, ,1,26,1,-.301029995663981,2
